BARCODE_NAME,BARCODE_SEQUENCE
NB01,CACAAAGACACCGACAACTTTCTT
NB02,ACAGACGACTACAAACGGAATCGA
NB03,CCTGGTAACTGGGACACAAGACTC
NB04,TAGGGAAACACGATAGAATCCGAA
NB05,AAGGTTACACAAACCCTGGACAAG
NB06,GACTACTTTCTGCCTTTGCGAGAA
NB07,AAGGATTCATTCCCACGGTAACAC
NB08,ACGTAACTTGGTTTGTTCCCTGAA
NB09,AACCAAGACTCGCTGTGCCTAGTT
NB10,GAGAGGACAAAGGTTTCAACGCTT
NB11,TCCATTCCCTCCGATAGATGAAAC
NB12,TCCGATTCTGCTTCTTTCTACCTG
NB13,AGAACGACTTCCATACTCGTGTGA
NB14,AACGAGTCTCTTGGGACCCATAGA
NB15,AGGTCTACCTCGCTAACACCACTG
NB16,CGTCAACTGACAGTGGTTCGTACT
NB17,ACCCTCCAGGAAAGTACCTCTGAT
NB18,CCAAACCCAACAACCTAGATAGGC
NB19,GTTCCTCGTGCAGTGTCAAGAGAT
NB20,TTGCGTCCTGTTACGAGAACTCAT
NB21,GAGCCTCTCATTGTCCGTTCTCTA
NB22,ACCACTGCCATGTATCAAAGTACG
NB23,CTTACTACCCAGTGAACCTCCTCG
NB24,GCATAGTTCTGCATGATGGGTTAG
NB25,GTAAGTTGGGTATGCAACGCAATG
NB26,CATACAGCGACTACGCATTCTCAT
NB27,CGACGGTTAGATTCACCTCTTACA
NB28,TGAAACCTAAGAAGGCACCGTATC
NB29,CTAGACACCTTGGGTTGACAGACC
NB30,TCAGTGAGGATCTACTTCGACCCA
NB31,TGCGTACAGCAATCAGTTACATTG
NB32,CCAGTAGAAGTCCGACAACGTCAT
NB33,CAGACTTGGTACGGTTGGGTAACT
NB34,GGACGAAGAACTCAAGTCAAAGGC
NB35,CTACTTACGAAGCTGAGGGACTGC
NB36,ATGTCCCAGTTAGAGGAGGAAACA
NB37,GCTTGCGATTGATGCTTAGTATCA
NB38,ACCACAGGAGGACGATACAGAGAA
NB39,CCACAGTGTCAACTAGAGCCTCTC
NB40,TAGTTTGGATGACCAAGGATAGCC
NB41,GGAGTTCGTCCAGAGAAGTACACG
NB42,CTACGTGTAAGGCATACCTGCCAG
NB43,CTTTCGTTGTTGACTCGACGGTAG
NB44,AGTAGAAAGGGTTCCTTCCCACTC
NB45,GATCCAACAGAGATGCCTTCAGTG
NB46,GCTGTGTTCCACTTCATTCTCCTG
NB47,GTGCAACTTTCCCACAGGTAGTTC
NB48,CATCTGGAACGTGGTACACCTGTA
NB49,ACTGGTGCAGCTTTGAACATCTAG
NB50,ATGGACTTTGGTAACTTCCTGCGT
NB51,GTTGAATGAGCCTACTGGGTCCTC
NB52,TGAGAGACAAGATTGTTCGTGGAC
NB53,AGATTCAGACCGTCTCATGCAAAG
NB54,CAAGAGCTTTGACTAAGGAGCATG
NB55,TGGAAGATGAGACCCTGATCTACG
NB56,TCACTACTCAACAGGTGGCATGAA
NB57,GCTAGGTCAATCTCCTTCGGAAGT
NB58,CAGGTTACTCCTCCGTGAGTCTGA
NB59,TCAATCAAGAAGGGAAAGCAAGGT
NB60,CATGTTCAACCAAGGCTTCTATGG
NB61,AGAGGGTACTATGTGCCTCAGCAC
NB62,CACCCACACTTACTTCAGGACGTA
NB63,TTCTGAAGTTCCTGGGTCTTGAAC
NB64,GACAGACACCGTTCATCGACTTTC
